title,created,id,timestamp
Team Liquid vs. Team SoloMid / LCS 2019 Spring - Week 4 / Post-Match Discussion,1550443392.0,arq2ty,2019-02-17 14:43:12
Team SoloMid vs. FlyQuest / LCS 2019 Spring - Week 5 / Post-Match Discussion,1551052810.0,auedxj,2019-02-24 16:00:10
Echo Fox vs. Team SoloMid / LCS 2019 Spring - Week 6 / Post-Match Discussion,1551573079.0,awofxr,2019-03-02 16:31:19
Team SoloMid vs. Counter Logic Gaming / LCS 2019 Spring - Week 5 / Post-Match Discussion,1550976317.0,au3fdh,2019-02-23 18:45:17
100 Thieves vs. Team SoloMid / LCS 2019 Spring - Week 1 / Post-Match Discussion,1548546736.0,ak6mpn,2019-01-26 15:52:16
Rumour: Team SoloMid is interested in Royal Bandits' top laner Broken Blade,1541865728.0,9vvdzl,2018-11-10 08:02:08
Team SoloMid vs. Team Liquid / LCS 2019 Spring - Week 9 / Post-Match Discussion,1553467198.0,b52m4p,2019-03-24 15:39:58
Cloud9 vs. Team SoloMid / LCS 2019 Spring - Week 6 / Post-Match Discussion,1551653758.0,awzqh8,2019-03-03 14:55:58
Clutch Gaming vs. Team SoloMid / LCS 2019 Spring - Week 9 / Post-Match Discussion,1553383750.0,b4po7o,2019-03-23 16:29:10
Team SoloMid vs. Golden Guardians / LCS 2019 Spring - Week 8 / Post-Match Discussion,1552783870.0,b1zkt0,2019-03-16 17:51:10
